timestamp,sensor,data
1751517486.558556,imu,"(-0.00491, 0.00201, -1.01845, -0.00135, 0.00503, 0.00997)"
1751517486.558556,imu,"(-0.00491, 0.00201, -1.01845, -0.00135, 0.00503, 0.00997)"
1751517486.573941,esc,"([0, 1, 1, 1], [16348, 24390, 12431, 2410], [610741, 610736, 610738, 610739], [0, 0, 0, 0])"
1751517486.5940027,status,"(0, 0, 0, 0, 0, 0, 0, 0, 0, 0, 0)"
1751517486.6134517,attitude,"(-6.42, -1.3, 2.07)"
1751517486.6338785,position,"(0.0, 0.0, 0.0)"
1751517486.6550753,imu,"(0.21082, 0.00776, -1.02962, 0.01832, 0.01621, 0.00229)"
1751517486.674296,esc,"([0, 1, 1, 1], [16348, 24390, 12431, 2410], [610741, 610736, 610738, 610739], [0, 0, 0, 0])"
1751517486.6931643,status,"(0, 0, 0, 0, 0, 0, 0, 0, 0, 0, 0)"
1751517486.753433,imu,"(0.23439, 0.01643, -1.00431, 0.02118, -0.01061, 0.02936)"
1751517486.7735074,esc,"([0, 1, 1, 1], [16348, 24390, 12431, 2410], [610741, 610736, 610738, 610739], [0, 0, 0, 0])"
1751517486.7942915,status,"(0, 0, 0, 0, 0, 0, 0, 0, 0, 0, 0)"
1751517486.813956,attitude,"(-6.39, -1.31, 2.18)"
1751517486.8341577,position,"(0.07465, -0.00722, 0.0)"
1751517486.8533554,imu,"(0.0265, -0.02682, -1.02615, 0.00267, -0.04634, 0.01387)"
1751517486.8758183,esc,"([0, 1, 1, 1], [16348, 24390, 12431, 2410], [610741, 610736, 610738, 610739], [0, 0, 0, 0])"
1751517486.897077,status,"(0, 0, 0, 0, 0, 0, 0, 0, 0, 0, 0)"
1751517486.955757,imu,"(-0.10153, 0.01883, -1.01435, -0.02592, 0.00025, 0.00636)"
1751517486.9740748,esc,"([0, 1, 1, 1], [16348, 24390, 12431, 2410], [610741, 610736, 610738, 610739], [0, 0, 0, 0])"
1751517486.99404,status,"(0, 0, 0, 0, 0, 0, 0, 0, 0, 0, 0)"
1751517487.0130801,attitude,"(-6.52, -1.5, 2.13)"
1751517487.033948,position,"(0.15683, -0.01713, 0.0)"
1751517487.0536404,imu,"(0.12491, -0.03065, -1.01919, 0.01761, -0.00584, 0.05084)"
1751517487.0738227,esc,"([0, 1, 1, 1], [16348, 24390, 12431, 2410], [610741, 610736, 610738, 610739], [0, 0, 0, 0])"
1751517487.0936868,status,"(0, 0, 0, 0, 0, 0, 0, 0, 0, 0, 0)"
1751517487.1562915,imu,"(-0.0751, 0.00828, -1.05858, -0.01214, -0.00211, 0.03134)"
1751517487.1742587,esc,"([0, 1, 1, 1], [16348, 24390, 12431, 2410], [610741, 610736, 610738, 610739], [0, 0, 0, 0])"
1751517487.1928666,status,"(0, 0, 0, 0, 0, 0, 0, 0, 0, 0, 0)"
1751517487.213122,attitude,"(-6.49, -1.69, 2.01)"
1751517487.2335527,position,"(0.25839, -0.02876, 0.0)"
1751517487.2549198,imu,"(0.02875, -0.01898, -0.99142, 0.03705, 0.05991, 0.03736)"
1751517487.294473,esc,"([0, 1, 1, 1], [16348, 24390, 12431, 2410], [610741, 610736, 610738, 610739], [0, 0, 0, 0])"
1751517487.3128242,status,"(0, 0, 0, 0, 0, 0, 0, 0, 0, 0, 0)"
1751517487.3734136,imu,"(0.05782, 0.01403, -1.01453, 0.06869, 0.03504, 0.01505)"
1751517487.3934855,esc,"([0, 1, 1, 1], [16348, 24390, 12431, 2410], [610741, 610736, 610738, 610739], [0, 0, 0, 0])"
1751517487.4137907,status,"(0, 0, 0, 0, 0, 0, 0, 0, 0, 0, 0)"
1751517487.4332864,attitude,"(-6.46, -1.46, 2.07)"
1751517487.4556518,position,"(0.35848, -0.04022, 0.0)"
1751517487.4736407,imu,"(-0.08003, 0.01593, -1.01813, 0.00757, 0.00503, 0.00267)"
1751517487.4934819,esc,"([0, 1, 1, 1], [16348, 24390, 12431, 2410], [610741, 610736, 610738, 610739], [0, 0, 0, 0])"
1751517487.5139303,status,"(0, 0, 0, 0, 0, 0, 0, 0, 0, 0, 0)"
1751517487.5741508,imu,"(0.08065, -0.00235, -1.00711, -0.03466, 0.04599, 0.01414)"
1751517487.5932631,esc,"([0, 1, 1, 1], [16348, 24390, 12431, 2410], [610741, 610736, 610738, 610739], [0, 0, 0, 0])"
1751517487.6141582,status,"(0, 0, 0, 0, 0, 0, 0, 0, 0, 0, 0)"
1751517487.633342,attitude,"(-6.44, -1.3, 2.08)"
1751517487.6540823,position,"(0.45618, -0.0514, 0.0)"
1751517487.6739578,imu,"(-0.21819, 0.02262, -1.03228, -0.0553, -0.00309, -0.01101)"
1751517487.6938765,esc,"([0, 1, 1, 1], [16348, 24390, 12431, 2410], [610741, 610736, 610738, 610739], [0, 0, 0, 0])"
1751517487.714047,status,"(0, 0, 0, 0, 0, 0, 0, 0, 0, 0, 0)"
1751517487.7736735,imu,"(-0.05101, 0.02679, -1.03028, 0.01056, 0.00855, 0.01859)"
1751517487.7933736,esc,"([0, 1, 1, 1], [16348, 24390, 12431, 2410], [610741, 610736, 610738, 610739], [0, 0, 0, 0])"
1751517487.8138068,status,"(0, 0, 0, 0, 0, 0, 0, 0, 0, 0, 0)"
1751517487.8338544,attitude,"(-6.46, -1.25, 2.0)"
1751517487.8539274,position,"(0.51602, -0.05922, 0.0)"
1751517487.8736236,imu,"(0.05596, 0.01515, -1.0339, -0.0111, -0.03848, 0.0104)"
1751517487.893492,esc,"([0, 1, 1, 1], [16348, 24390, 12431, 2410], [610741, 610736, 610738, 610739], [0, 0, 0, 0])"
1751517487.9132965,status,"(0, 0, 0, 0, 0, 0, 0, 0, 0, 0, 0)"
1751517487.9741771,imu,"(-0.25961, 0.03312, -1.00353, 0.00696, 0.01431, -0.02758)"
1751517487.9937568,esc,"([0, 1, 1, 1], [16348, 24390, 12431, 2410], [610741, 610736, 610738, 610739], [0, 0, 0, 0])"
1751517488.0137646,status,"(0, 0, 0, 0, 0, 0, 0, 0, 0, 0, 0)"
1751517488.0337024,attitude,"(-6.52, -1.39, 1.97)"
1751517488.0542374,position,"(0.55695, -0.06312, 0.0)"
1751517488.0732365,imu,"(0.07364, 0.00767, -1.01678, 0.0102, 0.06636, -0.02019)"
1751517488.0932324,esc,"([0, 1, 1, 1], [16348, 24390, 12431, 2410], [610741, 610736, 610738, 610739], [0, 0, 0, 0])"
1751517488.1132326,status,"(0, 0, 0, 0, 0, 0, 0, 0, 0, 0, 0)"
1751517488.1737723,imu,"(-0.02359, -0.00278, -1.00092, 0.00039, 0.00752, 0.00295)"
1751517488.1927662,esc,"([0, 1, 1, 1], [16348, 24390, 12431, 2410], [610741, 610736, 610738, 610739], [0, 0, 0, 0])"
1751517488.21277,status,"(0, 0, 0, 0, 0, 0, 0, 0, 0, 0, 0)"
1751517488.2543128,attitude,"(-6.57, -1.37, 2.01)"
1751517488.2733126,position,"(0.58032, -0.06566, 0.0)"
1751517488.2933137,imu,"(-0.0226, -0.00516, -1.01479, 0.00196, 0.00646, -0.00089)"
1751517488.313314,esc,"([0, 1, 1, 1], [16348, 24390, 12431, 2410], [610741, 610736, 610738, 610739], [0, 0, 0, 0])"
1751517488.3333175,status,"(0, 0, 0, 0, 0, 0, 0, 0, 0, 0, 0)"
1751517488.3938465,imu,"(-0.01847, -0.00158, -1.01902, -0.00675, 0.00976, 0.01027)"
1751517488.4138541,esc,"([0, 1, 1, 1], [16348, 24390, 12431, 2410], [610741, 610736, 610738, 610739], [0, 0, 0, 0])"
1751517488.4328628,status,"(0, 0, 0, 0, 0, 0, 0, 0, 0, 0, 0)"
1751517488.4534116,attitude,"(-6.55, -1.38, 1.98)"
1751517488.4734054,position,"(0.59531, -0.06769, 0.0)"
1751517488.4934123,imu,"(-0.02755, 0.00389, -1.01636, 0.00118, 0.00255, 0.02182)"
1751517488.51341,esc,"([0, 1, 1, 1], [16348, 24390, 12431, 2410], [610741, 610736, 610738, 610739], [0, 0, 0, 0])"
1751517488.5334208,status,"(0, 0, 0, 0, 0, 0, 0, 0, 0, 0, 0)"
1751517488.5939534,imu,"(-0.0097, 0.01015, -1.01781, 0.00616, -0.00306, -0.00732)"
1751517488.613953,esc,"([0, 1, 1, 1], [16348, 24390, 12431, 2410], [610741, 610736, 610738, 610739], [0, 0, 0, 0])"
1751517488.632973,status,"(0, 0, 0, 0, 0, 0, 0, 0, 0, 0, 0)"
1751517488.653507,attitude,"(-5.71, -1.4, 1.98)"
1751517488.673514,position,"(0.60348, -0.06887, 0.0)"
1751517488.6935127,imu,"(-0.00775, 0.0913, -1.01663, 0.00834, 0.01255, 0.72598)"
1751517488.7135093,esc,"([0, 1, 1, 1], [16348, 24390, 12431, 2410], [610741, 610736, 610738, 610739], [0, 0, 0, 0])"
1751517488.7355251,status,"(0, 0, 0, 0, 0, 0, 0, 0, 0, 0, 0)"
1751517488.7930536,imu,"(-0.04469, -0.02969, -1.01903, -0.00603, -0.02929, 0.66096)"
1751517488.8130546,esc,"([0, 1, 1, 1], [16348, 24390, 12431, 2410], [610741, 610736, 610738, 610739], [0, 0, 0, 0])"
1751517488.8330665,status,"(0, 0, 0, 0, 0, 0, 0, 0, 0, 0, 0)"
1751517488.8536046,attitude,"(2.0, -1.74, 1.84)"
1751517488.873605,position,"(0.59983, -0.06797, 0.0)"
1751517488.8935885,imu,"(0.01388, -0.00314, -1.02191, -0.00175, -0.00306, 0.68359)"
1751517488.9138694,esc,"([0, 1, 1, 1], [16348, 24390, 12431, 2410], [610741, 610736, 610738, 610739], [0, 0, 0, 0])"
1751517488.933972,status,"(0, 0, 0, 0, 0, 0, 0, 0, 0, 0, 0)"
1751517488.9936526,imu,"(0.02987, -0.01097, -1.01689, 0.00473, -0.00249, 0.74605)"
1751517489.0141833,esc,"([0, 1, 1, 1], [16348, 24390, 12431, 2410], [610741, 610736, 610738, 610739], [0, 0, 0, 0])"
1751517489.0338075,status,"(0, 0, 0, 0, 0, 0, 0, 0, 0, 0, 0)"
1751517489.053447,attitude,"(10.27, -2.02, 1.54)"
1751517489.0736113,position,"(0.60071, -0.06805, 0.0)"
1751517489.0940123,imu,"(-0.00148, 0.0141, -1.01988, 0.00312, -0.00759, 0.77556)"
1751517489.1164663,esc,"([0, 1, 1, 1], [16348, 24390, 12431, 2410], [610741, 610736, 610738, 610739], [0, 0, 0, 0])"
1751517489.1534674,status,"(0, 0, 0, 0, 0, 0, 0, 0, 0, 0, 0)"
1751517489.213606,imu,"(-0.02186, -0.00292, -1.01926, -0.0029, -0.00214, 0.78764)"
1751517489.2337468,esc,"([0, 1, 1, 1], [16348, 24390, 12431, 2410], [610741, 610736, 610738, 610739], [0, 0, 0, 0])"
1751517489.25345,status,"(0, 0, 0, 0, 0, 0, 0, 0, 0, 0, 0)"
1751517489.2739904,attitude,"(19.85, -2.32, 1.2)"
1751517489.2957258,position,"(0.60217, -0.06733, 0.0)"
1751517489.3140197,imu,"(0.00202, 0.00855, -1.0136, 0.00522, -0.0016, 0.7631)"
1751517489.3341,esc,"([0, 1, 1, 1], [16348, 24390, 12431, 2410], [610741, 610736, 610738, 610739], [0, 0, 0, 0])"
1751517489.3544703,status,"(0, 0, 0, 0, 0, 0, 0, 0, 0, 0, 0)"
1751517489.413924,imu,"(0.00629, -0.00948, -1.00161, -0.0034, -0.00012, 0.81173)"
1751517489.4329576,esc,"([0, 1, 1, 1], [16348, 24390, 12431, 2410], [610741, 610736, 610738, 610739], [0, 0, 0, 0])"
1751517489.4554446,status,"(0, 0, 0, 0, 0, 0, 0, 0, 0, 0, 0)"
1751517489.473444,attitude,"(28.74, -2.54, 0.74)"
1751517489.4944983,position,"(0.6016, -0.06882, 0.0)"
1751517489.5129023,imu,"(0.01542, -0.00801, -1.01648, 0.00403, -0.00089, 0.7744)"
1751517489.5332625,esc,"([0, 1, 1, 1], [16348, 24390, 12431, 2410], [610741, 610736, 610738, 610739], [0, 0, 0, 0])"
1751517489.555072,status,"(0, 0, 0, 0, 0, 0, 0, 0, 0, 0, 0)"
1751517489.6139376,imu,"(-0.00867, 0.02761, -1.0133, 0.01869, 0.01311, 0.76455)"
1751517489.6336827,esc,"([0, 1, 1, 1], [16348, 24390, 12431, 2410], [610741, 610736, 610738, 610739], [0, 0, 0, 0])"
1751517489.6529665,status,"(0, 0, 0, 0, 0, 0, 0, 0, 0, 0, 0)"
1751517489.6760712,attitude,"(37.54, -2.7, 0.35)"
1751517489.6933217,position,"(0.60318, -0.06761, 0.0)"
1751517489.714699,imu,"(-0.01363, -0.02654, -1.01759, -0.01202, 0.00754, 0.8379)"
1751517489.734043,esc,"([0, 1, 1, 1], [16348, 24390, 12431, 2410], [610741, 610736, 610738, 610739], [0, 0, 0, 0])"
1751517489.7535694,status,"(0, 0, 0, 0, 0, 0, 0, 0, 0, 0, 0)"
1751517489.8139617,imu,"(0.00069, -0.01362, -1.00781, 0.01381, -0.00151, 0.81231)"
1751517489.8332765,esc,"([0, 1, 1, 1], [16348, 24390, 12431, 2410], [610741, 610736, 610738, 610739], [0, 0, 0, 0])"
1751517489.8529994,status,"(0, 0, 0, 0, 0, 0, 0, 0, 0, 0, 0)"
1751517489.873983,attitude,"(47.37, -2.8, -0.15)"
1751517489.8936324,position,"(0.60231, -0.06823, 0.0)"
1751517489.9129453,imu,"(-0.00591, -0.01544, -1.01232, 0.0256, 0.00602, 0.77381)"
1751517489.933051,esc,"([0, 1, 1, 1], [16348, 24390, 12431, 2410], [610741, 610736, 610738, 610739], [0, 0, 0, 0])"
1751517489.9540834,status,"(0, 0, 0, 0, 0, 0, 0, 0, 0, 0, 0)"
1751517490.0338132,imu,"(0.00592, 0.02565, -1.026, 0.00632, -0.01052, 0.75606)"
1751517490.0540361,esc,"([0, 1, 1, 1], [16348, 24390, 12431, 2410], [610741, 610736, 610738, 610739], [0, 0, 0, 0])"
1751517490.073601,status,"(0, 0, 0, 0, 0, 0, 0, 0, 0, 0, 0)"
1751517490.0940619,attitude,"(56.23, -2.78, -0.63)"
1751517490.114211,position,"(0.60341, -0.06809, 0.0)"
1751517490.1332114,imu,"(-0.01052, -0.00199, -1.01584, -0.00355, -0.01213, 0.82825)"
1751517490.1539114,esc,"([0, 1, 1, 1], [16348, 24390, 12431, 2410], [610741, 610736, 610738, 610739], [0, 0, 0, 0])"
1751517490.172969,status,"(0, 0, 0, 0, 0, 0, 0, 0, 0, 0, 0)"
1751517490.2343295,imu,"(-0.00852, -0.0126, -1.02203, -0.03187, -0.00107, 0.80445)"
1751517490.2529094,esc,"([0, 1, 1, 1], [16348, 24390, 12431, 2410], [610741, 610736, 610738, 610739], [0, 0, 0, 0])"
1751517490.2733917,status,"(0, 0, 0, 0, 0, 0, 0, 0, 0, 0, 0)"
1751517490.2946646,attitude,"(65.19, -2.72, -1.1)"
1751517490.3139808,position,"(0.60375, -0.06743, 0.0)"
1751517490.334099,imu,"(-0.00252, 0.00886, -1.01344, 0.00016, -0.0029, 0.78908)"
1751517490.3541713,esc,"([0, 1, 1, 1], [16348, 24390, 12431, 2410], [610741, 610736, 610738, 610739], [0, 0, 0, 0])"
1751517490.373108,status,"(0, 0, 0, 0, 0, 0, 0, 0, 0, 0, 0)"
1751517490.4340372,imu,"(-0.02316, -0.0152, -1.01493, -0.0162, 0.00538, 0.81049)"
1751517490.4536507,esc,"([0, 1, 1, 1], [16348, 24390, 12431, 2410], [610741, 610736, 610738, 610739], [0, 0, 0, 0])"
1751517490.4736423,status,"(0, 0, 0, 0, 0, 0, 0, 0, 0, 0, 0)"
1751517490.4931328,attitude,"(74.06, -2.59, -1.55)"
1751517490.5130439,position,"(0.60358, -0.0677, 0.0)"
1751517490.5339463,imu,"(0.0009, -0.00035, -1.0193, 0.00292, -0.00151, 0.75902)"
1751517490.5539804,esc,"([0, 1, 1, 1], [16348, 24390, 12431, 2410], [610741, 610736, 610738, 610739], [0, 0, 0, 0])"
1751517490.5729153,status,"(0, 0, 0, 0, 0, 0, 0, 0, 0, 0, 0)"
1751517490.633959,imu,"(-0.00766, -0.00607, -1.01681, -0.0159, 0.00687, 0.82164)"
1751517490.6532972,esc,"([0, 1, 1, 1], [16348, 24390, 12431, 2410], [610741, 610736, 610738, 610739], [0, 0, 0, 0])"
1751517490.6734328,status,"(0, 0, 0, 0, 0, 0, 0, 0, 0, 0, 0)"
1751517490.6940446,attitude,"(82.74, -2.39, -2.02)"
1751517490.714166,position,"(0.60293, -0.06698, 0.0)"
1751517490.7344668,imu,"(0.01927, 0.05881, -1.02202, -0.00344, 0.01053, 0.37247)"
1751517490.753388,esc,"([0, 1, 1, 1], [16348, 24390, 12431, 2410], [610741, 610736, 610738, 610739], [0, 0, 0, 0])"
1751517490.7741592,status,"(0, 0, 0, 0, 0, 0, 0, 0, 0, 0, 0)"
1751517490.8333957,imu,"(-0.01994, -0.00543, -1.01762, 0.00397, 0.00765, -0.0001)"
1751517490.8535419,esc,"([0, 1, 1, 1], [16348, 24390, 12431, 2410], [610741, 610736, 610738, 610739], [0, 0, 0, 0])"
1751517490.872905,status,"(0, 0, 0, 0, 0, 0, 0, 0, 0, 0, 0)"
1751517490.8937316,attitude,"(84.13, -2.36, -2.1)"
1751517490.9141085,position,"(0.59929, -0.06466, 0.0)"
1751517490.9334488,imu,"(-0.01638, 0.00278, -1.01801, -0.0024, 0.00732, 0.009)"
1751517490.9735022,esc,"([0, 1, 1, 1], [16348, 24390, 12431, 2410], [610741, 610736, 610738, 610739], [0, 0, 0, 0])"
1751517490.9941583,status,"(0, 0, 0, 0, 0, 0, 0, 0, 0, 0, 0)"
1751517491.053427,imu,"(-0.01097, 0.00882, -1.01706, 0.00172, 0.00724, 0.00593)"
1751517491.0736704,esc,"([0, 1, 1, 1], [16348, 24390, 12431, 2410], [610741, 610736, 610738, 610739], [0, 0, 0, 0])"
1751517491.0933728,status,"(0, 0, 0, 0, 0, 0, 0, 0, 0, 0, 0)"
1751517491.1162677,attitude,"(84.14, -2.36, -2.1)"
1751517491.1332703,position,"(0.59893, -0.06584, 0.0)"
1751517491.153096,imu,"(-0.00906, 0.00668, -1.01646, 0.00101, 0.00963, 0.00806)"
1751517491.1733463,esc,"([0, 1, 1, 1], [16348, 24390, 12431, 2410], [610741, 610736, 610738, 610739], [0, 0, 0, 0])"
1751517491.193142,status,"(0, 0, 0, 0, 0, 0, 0, 0, 0, 0, 0)"
1751517491.253364,imu,"(0.1797, -0.04984, -1.0271, 0.01041, 0.02743, 0.03359)"
1751517491.2734835,esc,"([0, 1, 1, 1], [16348, 24390, 12431, 2410], [610741, 610736, 610738, 610739], [0, 0, 0, 0])"
1751517491.293622,status,"(0, 0, 0, 0, 0, 0, 0, 0, 0, 0, 0)"
1751517491.3350997,attitude,"(84.7, -2.21, -2.0)"
1751517491.354402,position,"(0.61388, -0.03539, 0.0)"
1751517491.3733451,imu,"(0.19562, 0.06198, -1.02681, -0.01301, -0.01623, -0.08359)"
1751517491.3938985,esc,"([0, 1, 1, 1], [16348, 24390, 12431, 2410], [610741, 610736, 610738, 610739], [0, 0, 0, 0])"
1751517491.4159644,status,"(0, 0, 0, 0, 0, 0, 0, 0, 0, 0, 0)"
1751517491.4735787,imu,"(0.00176, -0.051, -1.03601, -0.01308, -0.06431, 0.02607)"
1751517491.4940348,esc,"([0, 1, 1, 1], [16348, 24390, 12431, 2410], [610741, 610736, 610738, 610739], [0, 0, 0, 0])"
1751517491.5146904,status,"(0, 0, 0, 0, 0, 0, 0, 0, 0, 0, 0)"
1751517491.5341165,attitude,"(84.01, -2.41, -1.98)"
1751517491.5538688,position,"(0.62725, 0.05328, 0.0)"
1751517491.5742543,imu,"(-0.07532, 0.03153, -1.02186, 0.03307, -0.00786, -0.05921)"
1751517491.594149,esc,"([0, 1, 1, 1], [16348, 24390, 12431, 2410], [610741, 610736, 610738, 610739], [0, 0, 0, 0])"
1751517491.6138272,status,"(0, 0, 0, 0, 0, 0, 0, 0, 0, 0, 0)"
1751517491.67412,imu,"(0.12169, -0.01054, -1.00019, -0.05844, 0.01279, 0.0303)"
1751517491.694432,esc,"([0, 1, 1, 1], [16348, 24390, 12431, 2410], [610741, 610736, 610738, 610739], [0, 0, 0, 0])"
1751517491.7137449,status,"(0, 0, 0, 0, 0, 0, 0, 0, 0, 0, 0)"
1751517491.7339149,attitude,"(84.0, -2.38, -2.08)"
1751517491.7531776,position,"(0.63565, 0.13971, 0.0)"
1751517491.773496,imu,"(-0.08866, -0.00911, -1.01511, 0.00405, 0.10068, 0.04745)"
1751517491.7941508,esc,"([0, 1, 1, 1], [16348, 24390, 12431, 2410], [610741, 610736, 610738, 610739], [0, 0, 0, 0])"
1751517491.815865,status,"(0, 0, 0, 0, 0, 0, 0, 0, 0, 0, 0)"
1751517491.8739858,imu,"(-0.00403, -0.02747, -1.0258, 0.01667, 0.00619, 0.0567)"
1751517491.8952005,esc,"([0, 1, 1, 1], [16348, 24390, 12431, 2410], [610741, 610736, 610738, 610739], [0, 0, 0, 0])"
1751517491.916011,status,"(0, 0, 0, 0, 0, 0, 0, 0, 0, 0, 0)"
1751517491.934266,attitude,"(84.06, -2.31, -2.1)"
1751517491.9534888,position,"(0.64316, 0.23162, 0.0)"
1751517491.9740698,imu,"(0.05737, -0.01162, -1.01272, -0.07612, 0.0103, 0.02277)"
1751517491.99415,esc,"([0, 1, 1, 1], [16348, 24390, 12431, 2410], [610741, 610736, 610738, 610739], [0, 0, 0, 0])"
1751517492.0153139,status,"(0, 0, 0, 0, 0, 0, 0, 0, 0, 0, 0)"
1751517492.0743816,imu,"(-0.05374, -0.00209, -1.02555, 0.00185, 0.01746, 0.01071)"
1751517492.0935063,esc,"([0, 1, 1, 1], [16348, 24390, 12431, 2410], [610741, 610736, 610738, 610739], [0, 0, 0, 0])"
1751517492.1147015,status,"(0, 0, 0, 0, 0, 0, 0, 0, 0, 0, 0)"
1751517492.1334677,attitude,"(84.07, -2.35, -2.04)"
1751517492.1527026,position,"(0.65289, 0.34239, 0.0)"
1751517492.173941,imu,"(0.0416, 0.02857, -1.02211, 0.05952, -0.05912, 0.00797)"
1751517492.1940088,esc,"([0, 1, 1, 1], [16348, 24390, 12431, 2410], [610741, 610736, 610738, 610739], [0, 0, 0, 0])"
1751517492.215607,status,"(0, 0, 0, 0, 0, 0, 0, 0, 0, 0, 0)"
1751517492.2737262,imu,"(-0.22907, 0.01834, -1.00568, 0.02662, 0.02073, -0.03671)"
1751517492.314211,esc,"([0, 1, 1, 1], [16348, 24390, 12431, 2410], [610741, 610736, 610738, 610739], [0, 0, 0, 0])"
1751517492.3341713,status,"(0, 0, 0, 0, 0, 0, 0, 0, 0, 0, 0)"
1751517492.3547544,attitude,"(84.11, -2.53, -2.05)"
1751517492.3740885,position,"(0.65884, 0.42505, 0.0)"
1751517492.3930264,imu,"(-0.01664, 0.0236, -0.99377, 0.01092, 0.0369, 0.02927)"
1751517492.413992,esc,"([0, 1, 1, 1], [16348, 24390, 12431, 2410], [610741, 610736, 610738, 610739], [0, 0, 0, 0])"
1751517492.4340124,status,"(0, 0, 0, 0, 0, 0, 0, 0, 0, 0, 0)"
1751517492.4937332,imu,"(0.00745, 0.00384, -1.01362, -0.01201, -0.06239, 0.00016)"
1751517492.51378,esc,"([0, 1, 1, 1], [16348, 24390, 12431, 2410], [610741, 610736, 610738, 610739], [0, 0, 0, 0])"
1751517492.5341413,status,"(0, 0, 0, 0, 0, 0, 0, 0, 0, 0, 0)"
1751517492.5534618,attitude,"(84.07, -2.55, -2.01)"
1751517492.5730422,position,"(0.66361, 0.48603, 0.0)"
1751517492.594152,imu,"(-0.25433, 0.02685, -1.01695, -0.00274, 0.01319, -0.02582)"
1751517492.614457,esc,"([0, 1, 1, 1], [16348, 24390, 12431, 2410], [610741, 610736, 610738, 610739], [0, 0, 0, 0])"
1751517492.6337283,status,"(0, 0, 0, 0, 0, 0, 0, 0, 0, 0, 0)"
1751517492.693792,imu,"(0.07538, 0.01448, -1.04401, 0.00261, 0.00929, -0.02811)"
1751517492.7136972,esc,"([0, 1, 1, 1], [16348, 24390, 12431, 2410], [610741, 610736, 610738, 610739], [0, 0, 0, 0])"
1751517492.733689,status,"(0, 0, 0, 0, 0, 0, 0, 0, 0, 0, 0)"
1751517492.753718,attitude,"(84.0, -2.48, -2.07)"
1751517492.7732437,position,"(0.66491, 0.50845, 0.0)"
1751517492.7942507,imu,"(-0.01694, 0.00143, -1.01299, 0.00374, 0.01255, 0.0109)"
1751517492.8132448,esc,"([0, 1, 1, 1], [16348, 24390, 12431, 2410], [610741, 610736, 610738, 610739], [0, 0, 0, 0])"
1751517492.833257,status,"(0, 0, 0, 0, 0, 0, 0, 0, 0, 0, 0)"
1751517492.8941178,imu,"(-0.03489, 0.00112, -1.02139, 0.00627, 0.01229, 0.01529)"
1751517492.914253,esc,"([0, 1, 1, 1], [16348, 24390, 12431, 2410], [610741, 610736, 610738, 610739], [0, 0, 0, 0])"
1751517492.933237,status,"(0, 0, 0, 0, 0, 0, 0, 0, 0, 0, 0)"
1751517492.9534085,attitude,"(84.01, -2.48, -2.05)"
1751517492.9736528,position,"(0.66718, 0.53003, 0.0)"
1751517492.9940355,imu,"(-0.0288, 0.01279, -1.0216, 0.0041, -0.00102, 0.00583)"
1751517493.0140657,esc,"([0, 1, 1, 1], [16348, 24390, 12431, 2410], [610741, 610736, 610738, 610739], [0, 0, 0, 0])"
1751517493.033229,status,"(0, 0, 0, 0, 0, 0, 0, 0, 0, 0, 0)"
1751517493.0942116,imu,"(-0.03116, 0.00755, -1.01398, -0.00507, -0.01217, 0.01341)"
1751517493.114231,esc,"([0, 1, 1, 1], [16348, 24390, 12431, 2410], [610741, 610736, 610738, 610739], [0, 0, 0, 0])"
1751517493.134009,status,"(0, 0, 0, 0, 0, 0, 0, 0, 0, 0, 0)"
1751517493.1543832,attitude,"(84.02, -2.51, -2.07)"
1751517493.174138,position,"(0.66834, 0.5467, 0.0)"
1751517493.1937234,imu,"(-0.01245, 0.01177, -1.01632, 0.00173, 0.00836, 0.01138)"
1751517493.2141812,esc,"([0, 1, 1, 1], [16348, 24390, 12431, 2410], [610741, 610736, 610738, 610739], [0, 0, 0, 0])"
1751517493.2339845,status,"(0, 0, 0, 0, 0, 0, 0, 0, 0, 0, 0)"
1751517493.2941105,imu,"(-0.05617, 0.06197, -1.00157, 0.02725, 0.0212, 0.59306)"
1751517493.3138657,esc,"([0, 1, 1, 1], [16348, 24390, 12431, 2410], [610741, 610736, 610738, 610739], [0, 0, 0, 0])"
1751517493.3328867,status,"(0, 0, 0, 0, 0, 0, 0, 0, 0, 0, 0)"
1751517493.3539095,attitude,"(89.47, -2.33, -2.23)"
1751517493.373523,position,"(0.67108, 0.55075, 0.0)"
1751517493.3940637,imu,"(-0.04471, 0.00576, -1.01894, -0.00648, -0.00183, 0.65599)"
1751517493.434154,esc,"([0, 1, 1, 1], [16348, 24390, 12431, 2410], [610741, 610736, 610738, 610739], [0, 0, 0, 0])"
1751517493.434154,status,"(0, 0, 0, 0, 0, 0, 0, 0, 0, 0, 0)"
1751517493.4941401,imu,"(0.03905, 0.03389, -1.02046, 0.00495, -0.002, 0.67898)"
1751517493.5141418,esc,"([0, 1, 1, 1], [16348, 24390, 12431, 2410], [610741, 610736, 610738, 610739], [0, 0, 0, 0])"
1751517493.5539482,status,"(0, 0, 0, 0, 0, 0, 0, 0, 0, 0, 0)"
1751517493.5737576,attitude,"(97.46, -2.05, -2.59)"
1751517493.5938265,position,"(0.66939, 0.54506, 0.0)"
1751517493.6138246,imu,"(0.04634, -0.00366, -1.02494, 0.00083, -0.00949, 0.7446)"
1751517493.6337502,esc,"([0, 1, 1, 1], [16348, 24390, 12431, 2410], [610741, 610736, 610738, 610739], [0, 0, 0, 0])"
1751517493.6538794,status,"(0, 0, 0, 0, 0, 0, 0, 0, 0, 0, 0)"
1751517493.7133052,imu,"(-0.02623, -0.02529, -1.01776, -0.02747, 0.00478, 0.81654)"
1751517493.7343879,esc,"([0, 1, 1, 1], [16348, 24390, 12431, 2410], [610741, 610736, 610738, 610739], [0, 0, 0, 0])"
1751517493.7537503,status,"(0, 0, 0, 0, 0, 0, 0, 0, 0, 0, 0)"
1751517493.7740626,attitude,"(106.09, -1.76, -2.91)"
1751517493.7941015,position,"(0.66948, 0.55245, 0.0)"
1751517493.814209,imu,"(-0.05606, 0.03073, -1.02535, 0.01846, -0.01361, 0.73235)"
1751517493.8341467,esc,"([0, 1, 1, 1], [16348, 24390, 12431, 2410], [610741, 610736, 610738, 610739], [0, 0, 0, 0])"
1751517493.8541515,status,"(0, 0, 0, 0, 0, 0, 0, 0, 0, 0, 0)"
1751517493.9139953,imu,"(-0.00806, 0.01438, -1.01844, 0.00237, -0.00075, 0.76425)"
1751517493.933915,esc,"([0, 1, 1, 1], [16348, 24390, 12431, 2410], [610741, 610736, 610738, 610739], [0, 0, 0, 0])"
1751517493.9539602,status,"(0, 0, 0, 0, 0, 0, 0, 0, 0, 0, 0)"
1751517493.9741893,attitude,"(114.85, -1.37, -3.16)"
1751517493.994057,position,"(0.6695, 0.5492, 0.0)"
1751517494.0139484,imu,"(0.0171, -0.01546, -1.01969, -0.00229, 0.01656, 0.77003)"
1751517494.0337365,esc,"([0, 1, 1, 1], [16348, 24390, 12431, 2410], [610741, 610736, 610738, 610739], [0, 0, 0, 0])"
1751517494.0539944,status,"(0, 0, 0, 0, 0, 0, 0, 0, 0, 0, 0)"
1751517494.1142716,imu,"(0.00447, 0.02082, -1.02031, 0.00374, -0.01393, 0.77327)"
1751517494.1352317,esc,"([0, 1, 1, 1], [16348, 24390, 12431, 2410], [610741, 610736, 610738, 610739], [0, 0, 0, 0])"
1751517494.1530414,status,"(0, 0, 0, 0, 0, 0, 0, 0, 0, 0, 0)"
1751517494.174176,attitude,"(123.72, -0.96, -3.32)"
1751517494.1931584,position,"(0.66736, 0.55043, 0.0)"
1751517494.2130306,imu,"(-0.02463, -0.01687, -1.01259, -0.00088, 0.00677, 0.78704)"
1751517494.234124,esc,"([0, 1, 1, 1], [16348, 24390, 12431, 2410], [610741, 610736, 610738, 610739], [0, 0, 0, 0])"
1751517494.2545636,status,"(0, 0, 0, 0, 0, 0, 0, 0, 0, 0, 0)"
1751517494.3138938,imu,"(-0.01684, 0.00662, -1.02343, -0.0076, 0.00015, 0.78295)"
1751517494.3342197,esc,"([0, 1, 1, 1], [16348, 24390, 12431, 2410], [610741, 610736, 610738, 610739], [0, 0, 0, 0])"
1751517494.353512,status,"(0, 0, 0, 0, 0, 0, 0, 0, 0, 0, 0)"
1751517494.3735561,attitude,"(132.56, -0.48, -3.48)"
1751517494.3939729,position,"(0.66874, 0.55111, 0.0)"
1751517494.412963,imu,"(-0.01076, 0.03985, -1.01945, 0.00727, -0.01074, 0.75577)"
1751517494.433258,esc,"([0, 1, 1, 1], [16348, 24390, 12431, 2410], [610741, 610736, 610738, 610739], [0, 0, 0, 0])"
1751517494.4540234,status,"(0, 0, 0, 0, 0, 0, 0, 0, 0, 0, 0)"
1751517494.5138376,imu,"(0.00188, 0.00059, -1.00158, 0.01449, -0.00229, 0.78521)"
1751517494.5336971,esc,"([0, 1, 1, 1], [16348, 24390, 12431, 2410], [610741, 610736, 610738, 610739], [0, 0, 0, 0])"
1751517494.5537965,status,"(0, 0, 0, 0, 0, 0, 0, 0, 0, 0, 0)"
1751517494.5733254,attitude,"(141.4, -0.02, -3.54)"
1751517494.593327,position,"(0.668, 0.54978, 0.0)"
1751517494.6142137,imu,"(-0.00651, -0.02041, -1.01328, 0.01968, 0.01216, 0.79474)"
1751517494.6340208,esc,"([0, 1, 1, 1], [16348, 24390, 12431, 2410], [610741, 610736, 610738, 610739], [0, 0, 0, 0])"
1751517494.6532917,status,"(0, 0, 0, 0, 0, 0, 0, 0, 0, 0, 0)"
1751517494.7138867,imu,"(-0.01605, -0.00084, -1.02856, -0.00204, -0.00116, 0.79682)"
1751517494.7341306,esc,"([0, 1, 1, 1], [16348, 24390, 12431, 2410], [610741, 610736, 610738, 610739], [0, 0, 0, 0])"
1751517494.7739716,status,"(0, 0, 0, 0, 0, 0, 0, 0, 0, 0, 0)"
1751517494.7934504,attitude,"(151.22, 0.51, -3.51)"
1751517494.81443,position,"(0.66748, 0.55069, 0.0)"
1751517494.8340697,imu,"(-0.01089, 0.00399, -1.01476, 0.00386, 0.00953, 0.78207)"
1751517494.854715,esc,"([0, 1, 1, 1], [16348, 24390, 12431, 2410], [610741, 610736, 610738, 610739], [0, 0, 0, 0])"
1751517494.8740659,status,"(0, 0, 0, 0, 0, 0, 0, 0, 0, 0, 0)"
1751517494.9337626,imu,"(0.01445, 0.03519, -1.01691, -0.01725, 0.00349, 0.7552)"
1751517494.9538972,esc,"([0, 1, 1, 1], [16348, 24390, 12431, 2410], [610741, 610736, 610738, 610739], [0, 0, 0, 0])"
1751517494.9735827,status,"(0, 0, 0, 0, 0, 0, 0, 0, 0, 0, 0)"
1751517494.994126,attitude,"(160.08, 1.0, -3.45)"
1751517495.0141776,position,"(0.66741, 0.54967, 0.0)"
1751517495.0340185,imu,"(0.01556, 0.02941, -1.02144, -0.00011, 0.0087, 0.74628)"
1751517495.0534606,esc,"([0, 1, 1, 1], [16348, 24390, 12431, 2410], [610741, 610736, 610738, 610739], [0, 0, 0, 0])"
1751517495.074114,status,"(0, 0, 0, 0, 0, 0, 0, 0, 0, 0, 0)"
1751517495.1340513,imu,"(-0.00845, -0.00341, -1.01402, 0.0104, 0.00915, 0.79211)"
1751517495.1541443,esc,"([0, 1, 1, 1], [16348, 24390, 12431, 2410], [610741, 610736, 610738, 610739], [0, 0, 0, 0])"
1751517495.1741185,status,"(0, 0, 0, 0, 0, 0, 0, 0, 0, 0, 0)"
1751517495.1931632,attitude,"(169.74, 1.45, -3.24)"
1751517495.213898,position,"(0.66656, 0.55088, 0.0)"
1751517495.2340562,imu,"(-0.00302, 0.03411, -1.02328, -0.00208, -0.00286, 0.77844)"
1751517495.2540696,esc,"([0, 1, 1, 1], [16348, 24390, 12431, 2410], [610741, 610736, 610738, 610739], [0, 0, 0, 0])"
1751517495.2738578,status,"(0, 0, 0, 0, 0, 0, 0, 0, 0, 0, 0)"
1751517495.3340604,imu,"(0.02243, 0.05486, -1.01447, -0.00401, 0.01319, 0.32682)"
1751517495.3540924,esc,"([0, 1, 1, 1], [16348, 24390, 12431, 2410], [610741, 610736, 610738, 610739], [0, 0, 0, 0])"
1751517495.3735476,status,"(0, 0, 0, 0, 0, 0, 0, 0, 0, 0, 0)"
1751517495.3965478,attitude,"(175.29, 1.75, -3.17)"
1751517495.4142337,position,"(0.66563, 0.55078, 0.0)"
1751517495.4336903,imu,"(-0.00975, 0.0696, -1.01602, 0.00083, 0.00776, -0.01234)"
1751517495.453489,esc,"([0, 1, 1, 1], [16348, 24390, 12431, 2410], [610741, 610736, 610738, 610739], [0, 0, 0, 0])"
1751517495.4783416,status,"(0, 0, 0, 0, 0, 0, 0, 0, 0, 0, 0)"
1751517495.5539443,imu,"(-0.01246, 0.00712, -1.01699, 0.00287, 0.00786, 0.01059)"
1751517495.5766428,esc,"([0, 1, 1, 1], [16348, 24390, 12431, 2410], [610741, 610736, 610738, 610739], [0, 0, 0, 0])"
1751517495.59307,status,"(0, 0, 0, 0, 0, 0, 0, 0, 0, 0, 0)"
1751517495.6145148,attitude,"(175.31, 1.75, -3.16)"
1751517495.634122,position,"(0.66642, 0.55046, 0.0)"
1751517495.6544576,imu,"(-0.00743, 0.01657, -1.01715, 0.0034, 0.00802, 0.00791)"
1751517495.67656,esc,"([0, 1, 1, 1], [16348, 24390, 12431, 2410], [610741, 610736, 610738, 610739], [0, 0, 0, 0])"
1751517495.6936357,status,"(0, 0, 0, 0, 0, 0, 0, 0, 0, 0, 0)"
1751517495.754125,imu,"(-0.00702, 0.01311, -1.0184, -0.00072, 0.00645, 0.0091)"
1751517495.7791972,esc,"([0, 1, 1, 1], [16348, 24390, 12431, 2410], [610741, 610736, 610738, 610739], [0, 0, 0, 0])"
1751517495.7931943,status,"(0, 0, 0, 0, 0, 0, 0, 0, 0, 0, 0)"
1751517495.814391,attitude,"(175.36, 1.75, -3.14)"
1751517495.8330026,position,"(0.66615, 0.55164, 0.0)"
1751517495.8542914,imu,"(0.14813, -0.06919, -1.02532, 0.00759, 0.02159, 0.07708)"
1751517495.8738358,esc,"([0, 1, 1, 1], [16348, 24390, 12431, 2410], [610741, 610736, 610738, 610739], [0, 0, 0, 0])"
1751517495.8932781,status,"(0, 0, 0, 0, 0, 0, 0, 0, 0, 0, 0)"
1751517495.954153,imu,"(0.26152, 0.07663, -1.038, 0.0254, -0.02353, -0.06372)"
1751517495.975256,esc,"([0, 1, 1, 1], [16348, 24390, 12431, 2410], [610741, 610736, 610738, 610739], [0, 0, 0, 0])"
1751517495.993557,status,"(0, 0, 0, 0, 0, 0, 0, 0, 0, 0, 0)"
1751517496.0135715,attitude,"(175.42, 1.82, -3.02)"
1751517496.0341876,position,"(0.60202, 0.56965, 0.0)"
1751517496.054379,imu,"(0.08079, 0.02547, -1.00938, -0.00379, -0.02688, -0.08347)"
1751517496.0744503,esc,"([0, 1, 1, 1], [16348, 24390, 12431, 2410], [610741, 610736, 610738, 610739], [0, 0, 0, 0])"
1751517496.0937352,status,"(0, 0, 0, 0, 0, 0, 0, 0, 0, 0, 0)"
1751517496.1537416,imu,"(-0.07377, 0.05836, -1.00058, -0.01045, 0.00712, -0.05752)"
1751517496.1770818,esc,"([0, 1, 1, 1], [16348, 24390, 12431, 2410], [610741, 610736, 610738, 610739], [0, 0, 0, 0])"
1751517496.1941085,status,"(0, 0, 0, 0, 0, 0, 0, 0, 0, 0, 0)"
1751517496.2140203,attitude,"(175.15, 1.64, -3.06)"
1751517496.2338014,position,"(0.51406, 0.57998, 0.0)"
1751517496.2541707,imu,"(0.14078, 0.01281, -1.02194, 0.00309, -0.00164, -0.02708)"
1751517496.2743807,esc,"([0, 1, 1, 1], [16348, 24390, 12431, 2410], [610741, 610736, 610738, 610739], [0, 0, 0, 0])"
1751517496.2944047,status,"(0, 0, 0, 0, 0, 0, 0, 0, 0, 0, 0)"
1751517496.3535008,imu,"(-0.0686, 0.03222, -1.00772, -0.01795, 0.0435, 0.0191)"
1751517496.375257,esc,"([0, 1, 1, 1], [16348, 24390, 12431, 2410], [610741, 610736, 610738, 610739], [0, 0, 0, 0])"
1751517496.3941104,status,"(0, 0, 0, 0, 0, 0, 0, 0, 0, 0, 0)"
1751517496.4140124,attitude,"(175.2, 1.58, -3.14)"
1751517496.4341462,position,"(0.42254, 0.58876, 0.0)"
1751517496.4533975,imu,"(0.00298, -0.03096, -1.01208, 0.03006, 0.08105, 0.01925)"
1751517496.4751675,esc,"([0, 1, 1, 1], [16348, 24390, 12431, 2410], [610741, 610736, 610738, 610739], [0, 0, 0, 0])"
1751517496.5136,status,"(0, 0, 0, 0, 0, 0, 0, 0, 0, 0, 0)"
1751517496.5750008,imu,"(0.06948, 0.04276, -1.00865, 0.03287, 0.07471, 0.01575)"
1751517496.5929995,esc,"([0, 1, 1, 1], [16348, 24390, 12431, 2410], [610741, 610736, 610738, 610739], [0, 0, 0, 0])"
1751517496.6139233,status,"(0, 0, 0, 0, 0, 0, 0, 0, 0, 0, 0)"
1751517496.6339629,attitude,"(175.26, 1.73, -3.14)"
1751517496.6537979,position,"(0.32456, 0.59807, 0.0)"
1751517496.6742127,imu,"(-0.09133, 0.01918, -0.99579, 0.03343, 0.05202, 0.03503)"
1751517496.694134,esc,"([0, 1, 1, 1], [16348, 24390, 12431, 2410], [610741, 610736, 610738, 610739], [0, 0, 0, 0])"
1751517496.7136462,status,"(0, 0, 0, 0, 0, 0, 0, 0, 0, 0, 0)"
1751517496.7742708,imu,"(0.07198, -0.00027, -1.00406, -0.00711, 0.02446, 0.03815)"
1751517496.7936018,esc,"([0, 1, 1, 1], [16348, 24390, 12431, 2410], [610741, 610736, 610738, 610739], [0, 0, 0, 0])"
1751517496.8143501,status,"(0, 0, 0, 0, 0, 0, 0, 0, 0, 0, 0)"
1751517496.8345075,attitude,"(175.29, 1.9, -3.06)"
1751517496.8535666,position,"(0.22615, 0.60453, 0.0)"
1751517496.8736045,imu,"(-0.12128, 0.01259, -1.02963, -0.04662, -0.07691, 0.02733)"
1751517496.8940372,esc,"([0, 1, 1, 1], [16348, 24390, 12431, 2410], [610741, 610736, 610738, 610739], [0, 0, 0, 0])"
1751517496.9135048,status,"(0, 0, 0, 0, 0, 0, 0, 0, 0, 0, 0)"
1751517496.9745994,imu,"(-0.17372, 0.02027, -0.98313, 0.03589, 0.01289, -0.01994)"
1751517496.9940214,esc,"([0, 1, 1, 1], [16348, 24390, 12431, 2410], [610741, 610736, 610738, 610739], [0, 0, 0, 0])"
1751517497.0137372,status,"(0, 0, 0, 0, 0, 0, 0, 0, 0, 0, 0)"
1751517497.034109,attitude,"(175.3, 1.85, -3.13)"
1751517497.0535629,position,"(0.16154, 0.60822, 0.0)"
1751517497.0743468,imu,"(0.14285, 0.04638, -1.02418, 0.01201, 0.00211, -0.01653)"
1751517497.0930283,esc,"([0, 1, 1, 1], [16348, 24390, 12431, 2410], [610741, 610736, 610738, 610739], [0, 0, 0, 0])"
1751517497.1142359,status,"(0, 0, 0, 0, 0, 0, 0, 0, 0, 0, 0)"
1751517497.1743464,imu,"(-0.2556, -0.00758, -1.01872, 0.00156, -0.01479, 0.04493)"
1751517497.193717,esc,"([0, 1, 1, 1], [16348, 24390, 12431, 2410], [610741, 610736, 610738, 610739], [0, 0, 0, 0])"
1751517497.2141688,status,"(0, 0, 0, 0, 0, 0, 0, 0, 0, 0, 0)"
1751517497.234095,attitude,"(175.34, 1.72, -3.16)"
1751517497.2542658,position,"(0.11015, 0.61079, 0.0)"
1751517497.273723,imu,"(-0.07693, -0.07014, -1.01745, 0.00212, 0.04829, 0.14723)"
1751517497.2943294,esc,"([0, 1, 1, 1], [16348, 24390, 12431, 2410], [610741, 610736, 610738, 610739], [0, 0, 0, 0])"
1751517497.3132691,status,"(0, 0, 0, 0, 0, 0, 0, 0, 0, 0, 0)"
1751517497.3744233,imu,"(-0.01572, -0.02276, -1.00808, -0.00373, 0.04835, 0.03157)"
1751517497.3942301,esc,"([0, 1, 1, 1], [16348, 24390, 12431, 2410], [610741, 610736, 610738, 610739], [0, 0, 0, 0])"
1751517497.4133554,status,"(0, 0, 0, 0, 0, 0, 0, 0, 0, 0, 0)"
1751517497.4354143,attitude,"(175.87, 1.8, -3.13)"
1751517497.4540386,position,"(0.08428, 0.61106, 0.0)"
1751517497.474079,imu,"(-0.03163, -0.00914, -1.01825, 0.0029, 0.00359, 0.02449)"
1751517497.4936576,esc,"([0, 1, 1, 1], [16348, 24390, 12431, 2410], [610741, 610736, 610738, 610739], [0, 0, 0, 0])"
1751517497.5135367,status,"(0, 0, 0, 0, 0, 0, 0, 0, 0, 0, 0)"
1751517497.5730941,imu,"(-0.03019, -0.00038, -1.02024, -0.00582, -0.01893, 0.02804)"
1751517497.5940893,esc,"([0, 1, 1, 1], [16348, 24390, 12431, 2410], [610741, 610736, 610738, 610739], [0, 0, 0, 0])"
1751517497.6131444,status,"(0, 0, 0, 0, 0, 0, 0, 0, 0, 0, 0)"
1751517497.6338825,attitude,"(175.84, 1.75, -3.13)"
1751517497.6543329,position,"(0.06056, 0.61253, 0.0)"
1751517497.673308,imu,"(-0.02471, 0.01301, -1.01775, -0.00278, 0.00759, 0.03455)"
1751517497.6938632,esc,"([0, 1, 1, 1], [16348, 24390, 12431, 2410], [610741, 610736, 610738, 610739], [0, 0, 0, 0])"
1751517497.7138536,status,"(0, 0, 0, 0, 0, 0, 0, 0, 0, 0, 0)"
1751517497.773036,imu,"(-0.01803, 0.01068, -1.01884, 0.00074, 0.00561, 0.02049)"
1751517497.7937548,esc,"([0, 1, 1, 1], [16348, 24390, 12431, 2410], [610741, 610736, 610738, 610739], [0, 0, 0, 0])"
1751517497.8136764,status,"(0, 0, 0, 0, 0, 0, 0, 0, 0, 0, 0)"
1751517497.8335402,attitude,"(175.87, 1.74, -3.16)"
1751517497.8538942,position,"(0.04251, 0.61495, 0.0)"
1751517497.874686,imu,"(-0.04275, -0.03335, -0.99209, 0.03002, 0.02855, 0.18057)"
1751517497.893355,esc,"([0, 1, 1, 1], [16348, 24390, 12431, 2410], [610741, 610736, 610738, 610739], [0, 0, 0, 0])"
1751517497.913913,status,"(0, 0, 0, 0, 0, 0, 0, 0, 0, 0, 0)"
1751517497.9733548,imu,"(-0.08441, 0.01849, -1.01699, 0.01262, -0.00095, 0.58537)"
1751517498.0141406,esc,"([0, 1, 1, 1], [16348, 24390, 12431, 2410], [610741, 610736, 610738, 610739], [0, 0, 0, 0])"
1751517498.0339806,status,"(0, 0, 0, 0, 0, 0, 0, 0, 0, 0, 0)"
1751517498.0540793,attitude,"(-177.16, 2.01, -2.82)"
1751517498.0731194,position,"(0.04234, 0.61741, 0.0)"
1751517498.0943704,imu,"(0.00361, 0.0489, -1.02468, -0.02163, 0.00605, 0.63671)"
1751517498.113797,esc,"([0, 1, 1, 1], [16348, 24390, 12431, 2410], [610741, 610736, 610738, 610739], [0, 0, 0, 0])"
1751517498.1339643,status,"(0, 0, 0, 0, 0, 0, 0, 0, 0, 0, 0)"
1751517498.1932714,imu,"(0.0631, -0.01553, -1.01668, -0.00157, -0.00684, 0.73812)"
1751517498.2142284,esc,"([0, 1, 1, 1], [16348, 24390, 12431, 2410], [610741, 610736, 610738, 610739], [0, 0, 0, 0])"
1751517498.234198,status,"(0, 0, 0, 0, 0, 0, 0, 0, 0, 0, 0)"
1751517498.2543628,attitude,"(-168.14, 2.42, -2.55)"
1751517498.2739012,position,"(0.04627, 0.61588, 0.0)"
1751517498.2947683,imu,"(0.02737, 0.00838, -1.02402, -0.01038, 0.00415, 0.73303)"
1751517498.333599,esc,"([0, 1, 1, 1], [16348, 24390, 12431, 2410], [610741, 610736, 610738, 610739], [0, 0, 0, 0])"
1751517498.3535895,status,"(0, 0, 0, 0, 0, 0, 0, 0, 0, 0, 0)"
1751517498.4139388,imu,"(-0.02394, 0.03509, -1.01694, -0.02763, -0.00349, 0.78398)"
1751517498.4332957,esc,"([0, 1, 1, 1], [16348, 24390, 12431, 2410], [610741, 610736, 610738, 610739], [0, 0, 0, 0])"
1751517498.4533176,status,"(0, 0, 0, 0, 0, 0, 0, 0, 0, 0, 0)"
1751517498.4733317,attitude,"(-159.43, 2.69, -2.19)"
1751517498.4935727,position,"(0.04065, 0.61504, 0.0)"
1751517498.513094,imu,"(-0.03269, 0.02861, -1.02044, 0.00478, -0.00268, 0.76044)"
1751517498.5331876,esc,"([0, 1, 1, 1], [16348, 24390, 12431, 2410], [610741, 610736, 610738, 610739], [0, 0, 0, 0])"
1751517498.5538177,status,"(0, 0, 0, 0, 0, 0, 0, 0, 0, 0, 0)"
1751517498.6141143,imu,"(-0.00163, -0.01175, -1.00819, 0.02321, 0.00548, 0.80978)"
1751517498.6338184,esc,"([0, 1, 1, 1], [16348, 24390, 12431, 2410], [610741, 610736, 610738, 610739], [0, 0, 0, 0])"
1751517498.6530263,status,"(0, 0, 0, 0, 0, 0, 0, 0, 0, 0, 0)"
1751517498.6740522,attitude,"(-150.69, 2.94, -1.76)"
1751517498.69431,position,"(0.04439, 0.61437, 0.0)"
1751517498.7144606,imu,"(0.02029, -0.01425, -1.02136, 0.0076, -0.01165, 0.81133)"
1751517498.7342618,esc,"([0, 1, 1, 1], [16348, 24390, 12431, 2410], [610741, 610736, 610738, 610739], [0, 0, 0, 0])"
1751517498.7534757,status,"(0, 0, 0, 0, 0, 0, 0, 0, 0, 0, 0)"
1751517498.814425,imu,"(0.00073, 0.00799, -1.02339, 0.0078, 0.00757, 0.75351)"
1751517498.8342245,esc,"([0, 1, 1, 1], [16348, 24390, 12431, 2410], [610741, 610736, 610738, 610739], [0, 0, 0, 0])"
1751517498.854229,status,"(0, 0, 0, 0, 0, 0, 0, 0, 0, 0, 0)"
1751517498.87446,attitude,"(-141.85, 3.07, -1.31)"
1751517498.894101,position,"(0.04063, 0.61342, 0.0)"
1751517498.9132457,imu,"(-0.02081, 0.018, -1.01389, -0.02406, -0.00413, 0.8356)"
1751517498.9334536,esc,"([0, 1, 1, 1], [16348, 24390, 12431, 2410], [610741, 610736, 610738, 610739], [0, 0, 0, 0])"
1751517498.9533846,status,"(0, 0, 0, 0, 0, 0, 0, 0, 0, 0, 0)"
1751517499.013373,imu,"(-0.00494, -0.00059, -1.00926, 0.01434, 0.0013, 0.81164)"
1751517499.0347886,esc,"([0, 1, 1, 1], [16348, 24390, 12431, 2410], [610741, 610736, 610738, 610739], [0, 0, 0, 0])"
1751517499.0539136,status,"(0, 0, 0, 0, 0, 0, 0, 0, 0, 0, 0)"
1751517499.0735807,attitude,"(-132.84, 3.17, -0.82)"
1751517499.0941546,position,"(0.04212, 0.61467, 0.0)"
1751517499.1141267,imu,"(0.01291, -0.00571, -1.01996, 0.00419, -0.01669, 0.78234)"
1751517499.1338046,esc,"([0, 1, 1, 1], [16348, 24390, 12431, 2410], [610741, 610736, 610738, 610739], [0, 0, 0, 0])"
1751517499.1527202,status,"(0, 0, 0, 0, 0, 0, 0, 0, 0, 0, 0)"
1751517499.2342157,imu,"(0.01238, 0.00653, -1.0221, -0.00368, -0.00072, 0.75667)"
1751517499.253422,esc,"([0, 1, 1, 1], [16348, 24390, 12431, 2410], [610741, 610736, 610738, 610739], [0, 0, 0, 0])"
1751517499.2738926,status,"(0, 0, 0, 0, 0, 0, 0, 0, 0, 0, 0)"
1751517499.2929142,attitude,"(-123.09, 3.22, -0.31)"
1751517499.3131256,position,"(0.04253, 0.61322, 0.0)"
1751517499.334112,imu,"(-0.02494, 0.0302, -1.03763, 0.02619, -0.02917, 0.75529)"
1751517499.3539972,esc,"([0, 1, 1, 1], [16348, 24390, 12431, 2410], [610741, 610736, 610738, 610739], [0, 0, 0, 0])"
1751517499.373866,status,"(0, 0, 0, 0, 0, 0, 0, 0, 0, 0, 0)"
1751517499.4335334,imu,"(0.0031, 0.02182, -1.0451, 0.04322, -0.00344, 0.78206)"
1751517499.4535477,esc,"([0, 1, 1, 1], [16348, 24390, 12431, 2410], [610741, 610736, 610738, 610739], [0, 0, 0, 0])"
1751517499.473641,status,"(0, 0, 0, 0, 0, 0, 0, 0, 0, 0, 0)"
1751517499.4935017,attitude,"(-114.2, 3.18, 0.13)"
1751517499.513522,position,"(0.0429, 0.61327, 0.0)"
1751517499.5342667,imu,"(0.00865, 0.02455, -1.01002, 0.00638, 0.01183, 0.77528)"
1751517499.5536025,esc,"([0, 1, 1, 1], [16348, 24390, 12431, 2410], [610741, 610736, 610738, 610739], [0, 0, 0, 0])"
1751517499.5741594,status,"(0, 0, 0, 0, 0, 0, 0, 0, 0, 0, 0)"
1751517499.63368,imu,"(-0.00019, 0.0163, -1.00163, 0.01643, 0.00999, 0.77989)"
1751517499.6533582,esc,"([0, 1, 1, 1], [16348, 24390, 12431, 2410], [610741, 610736, 610738, 610739], [0, 0, 0, 0])"
1751517499.673061,status,"(0, 0, 0, 0, 0, 0, 0, 0, 0, 0, 0)"
1751517499.6942372,attitude,"(-105.24, 3.03, 0.57)"
1751517499.714257,position,"(0.04217, 0.61455, 0.0)"
1751517499.7341986,imu,"(0.01751, 0.01095, -1.01194, 0.00828, 0.02446, 0.78816)"
1751517499.7534945,esc,"([0, 1, 1, 1], [16348, 24390, 12431, 2410], [610741, 610736, 610738, 610739], [0, 0, 0, 0])"
1751517499.7742476,status,"(0, 0, 0, 0, 0, 0, 0, 0, 0, 0, 0)"
1751517499.8330443,imu,"(0.00274, -0.01422, -1.01422, -0.01451, 0.00866, 0.8003)"
1751517499.853863,esc,"([0, 1, 1, 1], [16348, 24390, 12431, 2410], [610741, 610736, 610738, 610739], [0, 0, 0, 0])"
1751517499.8740163,status,"(0, 0, 0, 0, 0, 0, 0, 0, 0, 0, 0)"
1751517499.8942225,attitude,"(-96.3, 2.82, 0.98)"
1751517499.9141476,position,"(0.04328, 0.61335, 0.0)"
1751517499.9339664,imu,"(0.02118, 0.06112, -1.03179, -0.01014, -0.00568, 0.63236)"
1751517499.954051,esc,"([0, 1, 1, 1], [16348, 24390, 12431, 2410], [610741, 610736, 610738, 610739], [0, 0, 0, 0])"
1751517499.97418,status,"(0, 0, 0, 0, 0, 0, 0, 0, 0, 0, 0)"
1751517500.0338988,imu,"(0.00436, 0.04478, -1.0174, 0.00349, 0.00595, 0.09064)"
1751517500.0532093,esc,"([0, 1, 1, 1], [16348, 24390, 12431, 2410], [610741, 610736, 610738, 610739], [0, 0, 0, 0])"
1751517500.0733294,status,"(0, 0, 0, 0, 0, 0, 0, 0, 0, 0, 0)"
1751517500.0932539,attitude,"(-92.89, 2.71, 1.14)"
1751517500.1130655,position,"(0.047, 0.61373, 0.0)"
1751517500.1341245,imu,"(-0.00383, 0.01084, -1.01783, 0.00158, 0.00853, 0.00424)"
1751517500.1535282,esc,"([0, 1, 1, 1], [16348, 24390, 12431, 2410], [610741, 610736, 610738, 610739], [0, 0, 0, 0])"
1751517500.173903,status,"(0, 0, 0, 0, 0, 0, 0, 0, 0, 0, 0)"
1751517500.2338457,imu,"(0.00022, 0.00555, -1.01851, -0.00018, 0.01071, 0.01019)"
1751517500.2531576,esc,"([0, 1, 1, 1], [16348, 24390, 12431, 2410], [610741, 610736, 610738, 610739], [0, 0, 0, 0])"
1751517500.274146,status,"(0, 0, 0, 0, 0, 0, 0, 0, 0, 0, 0)"
1751517500.294168,attitude,"(-92.87, 2.72, 1.16)"
1751517500.31385,position,"(0.04719, 0.61672, 0.0)"
1751517500.3337893,imu,"(0.00406, 0.01057, -1.01802, 0.00058, 0.00478, 0.00881)"
1751517500.3530295,esc,"([0, 1, 1, 1], [16348, 24390, 12431, 2410], [610741, 610736, 610738, 610739], [0, 0, 0, 0])"
1751517500.3732178,status,"(0, 0, 0, 0, 0, 0, 0, 0, 0, 0, 0)"
1751517500.4344268,imu,"(-0.00419, -0.01091, -1.01562, 0.00621, -0.00309, 0.03079)"
1751517500.4732182,esc,"([0, 1, 1, 1], [16348, 24390, 12431, 2410], [610741, 610736, 610738, 610739], [0, 0, 0, 0])"
1751517500.4944084,status,"(0, 0, 0, 0, 0, 0, 0, 0, 0, 0, 0)"
1751517500.5141308,attitude,"(-92.84, 2.82, 1.14)"
1751517500.5356865,position,"(0.04243, 0.61264, 0.0)"
1751517500.554076,imu,"(0.23677, 0.04272, -1.01072, -0.00488, 0.02918, 0.14669)"
1751517500.5730808,esc,"([0, 1, 1, 1], [16348, 24390, 12431, 2410], [610741, 610736, 610738, 610739], [0, 0, 0, 0])"
1751517500.5934472,status,"(0, 0, 0, 0, 0, 0, 0, 0, 0, 0, 0)"
1751517500.6534336,imu,"(0.20087, 0.03705, -1.01652, 0.01591, 0.02564, -0.14837)"
1751517500.6741834,esc,"([0, 1, 1, 1], [16348, 24390, 12431, 2410], [610741, 610736, 610738, 610739], [0, 0, 0, 0])"
1751517500.6943717,status,"(0, 0, 0, 0, 0, 0, 0, 0, 0, 0, 0)"
1751517500.7142794,attitude,"(-92.93, 2.75, 1.23)"
1751517500.7342582,position,"(0.02519, 0.53495, 0.0)"
1751517500.7536118,imu,"(-0.04817, 0.03317, -1.00276, -0.02138, 0.001, -0.01943)"
1751517500.773642,esc,"([0, 1, 1, 1], [16348, 24390, 12431, 2410], [610741, 610736, 610738, 610739], [0, 0, 0, 0])"
1751517500.793686,status,"(0, 0, 0, 0, 0, 0, 0, 0, 0, 0, 0)"
1751517500.853758,imu,"(-0.01573, -0.00443, -0.99781, 0.03278, 0.01611, 0.01561)"
1751517500.8732004,esc,"([0, 1, 1, 1], [16348, 24390, 12431, 2410], [610741, 610736, 610738, 610739], [0, 0, 0, 0])"
1751517500.8937805,status,"(0, 0, 0, 0, 0, 0, 0, 0, 0, 0, 0)"
1751517500.914047,attitude,"(-93.19, 2.73, 1.23)"
1751517500.9345286,position,"(0.01942, 0.4606, 0.0)"
1751517500.9539518,imu,"(0.13998, 0.05284, -1.04732, -0.04655, -0.02118, -0.03008)"
1751517500.974215,esc,"([0, 1, 1, 1], [16348, 24390, 12431, 2410], [610741, 610736, 610738, 610739], [0, 0, 0, 0])"
1751517500.9942281,status,"(0, 0, 0, 0, 0, 0, 0, 0, 0, 0, 0)"
1751517501.0540943,imu,"(-0.07501, 0.02175, -0.99826, 0.00305, 0.02635, -0.01473)"
1751517501.073141,esc,"([0, 1, 1, 1], [16348, 24390, 12431, 2410], [610741, 610736, 610738, 610739], [0, 0, 0, 0])"
1751517501.0942233,status,"(0, 0, 0, 0, 0, 0, 0, 0, 0, 0, 0)"
1751517501.1140695,attitude,"(-92.99, 2.72, 1.13)"
1751517501.1345942,position,"(0.01384, 0.37382, 0.0)"
1751517501.153964,imu,"(0.05013, -0.00877, -1.04663, 0.00753, 0.04378, 0.04776)"
1751517501.1732986,esc,"([0, 1, 1, 1], [16348, 24390, 12431, 2410], [610741, 610736, 610738, 610739], [0, 0, 0, 0])"
1751517501.1939821,status,"(0, 0, 0, 0, 0, 0, 0, 0, 0, 0, 0)"
1751517501.2533607,imu,"(0.02511, 0.01844, -1.02321, -0.00259, -0.04529, 0.01297)"
1751517501.2742722,esc,"([0, 1, 1, 1], [16348, 24390, 12431, 2410], [610741, 610736, 610738, 610739], [0, 0, 0, 0])"
1751517501.292968,status,"(0, 0, 0, 0, 0, 0, 0, 0, 0, 0, 0)"
1751517501.3136587,attitude,"(-92.9, 2.74, 1.07)"
1751517501.3336494,position,"(0.01042, 0.2798, 0.0)"
1751517501.353218,imu,"(-0.04427, 0.02695, -0.99168, -0.04204, 0.04538, -0.00967)"
1751517501.3735242,esc,"([0, 1, 1, 1], [16348, 24390, 12431, 2410], [610741, 610736, 610738, 610739], [0, 0, 0, 0])"
1751517501.3937201,status,"(0, 0, 0, 0, 0, 0, 0, 0, 0, 0, 0)"
1751517501.4542124,imu,"(0.1074, 0.04666, -1.01832, -0.0278, -0.00119, -0.01216)"
1751517501.4731212,esc,"([0, 1, 1, 1], [16348, 24390, 12431, 2410], [610741, 610736, 610738, 610739], [0, 0, 0, 0])"
1751517501.4949458,status,"(0, 0, 0, 0, 0, 0, 0, 0, 0, 0, 0)"
1751517501.5131836,attitude,"(-92.92, 2.85, 1.18)"
1751517501.534187,position,"(0.00763, 0.18453, 0.0)"
1751517501.5541787,imu,"(-0.10916, 0.01799, -1.00354, -0.01469, -0.00473, 0.028)"
1751517501.574072,esc,"([0, 1, 1, 1], [16348, 24390, 12431, 2410], [610741, 610736, 610738, 610739], [0, 0, 0, 0])"
1751517501.5938375,status,"(0, 0, 0, 0, 0, 0, 0, 0, 0, 0, 0)"
1751517501.6535344,imu,"(-0.15314, -0.029, -1.05107, 0.01066, -0.02881, 0.02475)"
1751517501.6741445,esc,"([0, 1, 1, 1], [16348, 24390, 12431, 2410], [610741, 610736, 610738, 610739], [0, 0, 0, 0])"
1751517501.6942325,status,"(0, 0, 0, 0, 0, 0, 0, 0, 0, 0, 0)"
1751517501.713763,attitude,"(-92.93, 2.81, 1.18)"
1751517501.753274,position,"(0.0065, 0.11187, 0.0)"
1751517501.754272,imu,"(0.07791, 0.03672, -1.00208, -0.0023, 0.01106, -0.01905)"
1751517501.773431,esc,"([0, 1, 1, 1], [16348, 24390, 12431, 2410], [610741, 610736, 610738, 610739], [0, 0, 0, 0])"
1751517501.7942338,status,"(0, 0, 0, 0, 0, 0, 0, 0, 0, 0, 0)"
1751517501.8540192,imu,"(-0.23517, 0.00928, -1.02813, 0.00787, 0.00105, 0.0059)"
1751517501.8744526,esc,"([0, 1, 1, 1], [16348, 24390, 12431, 2410], [610741, 610736, 610738, 610739], [0, 0, 0, 0])"
1751517501.8945138,status,"(0, 0, 0, 0, 0, 0, 0, 0, 0, 0, 0)"
1751517501.9139478,attitude,"(-92.84, 2.71, 1.12)"
1751517501.9544039,position,"(0.00537, 0.0652, 0.0)"
1751517501.9544039,imu,"(0.1052, 0.04737, -1.01886, 0.00831, 0.03294, -0.03781)"
1751517501.9729881,esc,"([0, 1, 1, 1], [16348, 24390, 12431, 2410], [610741, 610736, 610738, 610739], [0, 0, 0, 0])"
1751517502.0140543,status,"(0, 0, 0, 0, 0, 0, 0, 0, 0, 0, 0)"
1751517502.0741174,imu,"(-0.05628, 0.01547, -1.02865, -0.01063, -0.02675, 0.01688)"
1751517502.0945444,esc,"([0, 1, 1, 1], [16348, 24390, 12431, 2410], [610741, 610736, 610738, 610739], [0, 0, 0, 0])"
1751517502.1142678,status,"(0, 0, 0, 0, 0, 0, 0, 0, 0, 0, 0)"
1751517502.1332755,attitude,"(-92.9, 2.69, 1.11)"
1751517502.1539237,position,"(0.00398, 0.02901, 0.0)"
1751517502.173221,imu,"(-0.03076, -0.01262, -1.0198, -0.00473, 0.00855, 0.04019)"
1751517502.193803,esc,"([0, 1, 1, 1], [16348, 24390, 12431, 2410], [610741, 610736, 610738, 610739], [0, 0, 0, 0])"
1751517502.2129936,status,"(0, 0, 0, 0, 0, 0, 0, 0, 0, 0, 0)"
1751517502.273408,imu,"(-0.02018, 0.02349, -1.01959, 0.00431, 0.01289, 0.00907)"
1751517502.2947478,esc,"([0, 1, 1, 1], [16348, 24390, 12431, 2410], [610741, 610736, 610738, 610739], [0, 0, 0, 0])"
1751517502.3131232,status,"(0, 0, 0, 0, 0, 0, 0, 0, 0, 0, 0)"
1751517502.3344398,attitude,"(-92.88, 2.69, 1.12)"
1751517502.3539135,position,"(0.00263, -0.00015, 0.0)"
1751517502.3730538,imu,"(-0.01582, 0.00644, -1.02067, 0.00063, 0.00512, -0.00437)"
1751517502.3938487,esc,"([0, 1, 1, 1], [16348, 24390, 12431, 2410], [610741, 610736, 610738, 610739], [0, 0, 0, 0])"
1751517502.4144833,status,"(0, 0, 0, 0, 0, 0, 0, 0, 0, 0, 0)"
1751517502.473454,imu,"(-0.02352, 0.01758, -1.0165, -0.00329, 0.00656, 0.01295)"
1751517502.4936357,esc,"([0, 1, 1, 1], [16348, 24390, 12431, 2410], [610741, 610736, 610738, 610739], [0, 0, 0, 0])"
1751517502.513258,status,"(0, 0, 0, 0, 0, 0, 0, 0, 0, 0, 0)"
1751517502.5341153,attitude,"(-92.94, 2.66, 1.09)"
1751517502.5534394,position,"(0.00188, -0.02359, 0.0)"
1751517502.59375,imu,"(-0.01086, 0.01477, -1.0154, 0.00238, 0.00992, 0.00533)"
1751517502.6137578,esc,"([0, 1, 1, 1], [16348, 24390, 12431, 2410], [610741, 610736, 610738, 610739], [0, 0, 0, 0])"
1751517502.6337483,status,"(0, 0, 0, 0, 0, 0, 0, 0, 0, 0, 0)"
1751517502.6947398,imu,"(-0.14496, -0.22435, -1.04134, 0.00733, -0.02765, 0.83559)"
1751517502.7136638,esc,"([0, 1, 1, 1], [16348, 24390, 12431, 2410], [610741, 610736, 610738, 610739], [0, 0, 0, 0])"
1751517502.7331784,status,"(0, 0, 0, 0, 0, 0, 0, 0, 0, 0, 0)"
1751517502.7534149,attitude,"(-88.54, 2.51, 1.33)"
1751517502.7744682,position,"(4e-05, -0.03162, 0.0)"
1751517502.7936475,imu,"(-0.07917, -0.00948, -1.01518, -0.00994, 0.00794, 0.62339)"
1751517502.8137338,esc,"([0, 1, 1, 1], [16348, 24390, 12431, 2410], [610741, 610736, 610738, 610739], [0, 0, 0, 0])"
1751517502.834378,status,"(0, 0, 0, 0, 0, 0, 0, 0, 0, 0, 0)"
1751517502.8937736,imu,"(0.01004, -0.00843, -1.0096, 0.0127, 0.00328, 0.80209)"
1751517502.9144568,esc,"([0, 1, 1, 1], [16348, 24390, 12431, 2410], [610741, 610736, 610738, 610739], [0, 0, 0, 0])"
1751517502.9334528,status,"(0, 0, 0, 0, 0, 0, 0, 0, 0, 0, 0)"
1751517502.9535291,attitude,"(-80.78, 2.32, 1.63)"
1751517502.974481,position,"(-0.00097, -0.02256, 0.0)"
1751517502.9936228,imu,"(0.0645, -0.0064, -1.03206, -0.00822, 0.00479, 0.74573)"
1751517503.0141592,esc,"([0, 1, 1, 1], [16348, 24390, 12431, 2410], [610741, 610736, 610738, 610739], [0, 0, 0, 0])"
1751517503.0341623,status,"(0, 0, 0, 0, 0, 0, 0, 0, 0, 0, 0)"
1751517503.0946183,imu,"(0.01351, -0.00261, -1.01392, -0.00248, 0.00676, 0.74664)"
1751517503.1140633,esc,"([0, 1, 1, 1], [16348, 24390, 12431, 2410], [610741, 610736, 610738, 610739], [0, 0, 0, 0])"
1751517503.1342876,status,"(0, 0, 0, 0, 0, 0, 0, 0, 0, 0, 0)"
1751517503.1540956,attitude,"(-72.22, 1.95, 1.91)"
1751517503.1739113,position,"(0.00102, -0.02885, 0.0)"
1751517503.1941087,imu,"(-0.03364, -0.00321, -1.02275, 0.00425, -0.00744, 0.73994)"
1751517503.2160563,esc,"([0, 1, 1, 1], [16348, 24390, 12431, 2410], [610741, 610736, 610738, 610739], [0, 0, 0, 0])"
1751517503.2342274,status,"(0, 0, 0, 0, 0, 0, 0, 0, 0, 0, 0)"
1751517503.2935674,imu,"(-0.01531, 0.03766, -1.01248, -0.01664, 0.01346, 0.75697)"
1751517503.3141103,esc,"([0, 1, 1, 1], [16348, 24390, 12431, 2410], [610741, 610736, 610738, 610739], [0, 0, 0, 0])"
1751517503.3334749,status,"(0, 0, 0, 0, 0, 0, 0, 0, 0, 0, 0)"
1751517503.3546944,attitude,"(-63.43, 1.58, 2.2)"
1751517503.3741071,position,"(-0.00081, -0.02663, 0.0)"
1751517503.3938332,imu,"(0.03158, 0.01691, -1.00934, -0.01347, -0.00445, 0.77937)"
1751517503.4132755,esc,"([0, 1, 1, 1], [16348, 24390, 12431, 2410], [610741, 610736, 610738, 610739], [0, 0, 0, 0])"
1751517503.4341538,status,"(0, 0, 0, 0, 0, 0, 0, 0, 0, 0, 0)"
1751517503.493707,imu,"(0.02001, -0.02536, -1.01276, 0.01303, 0.00641, 0.85472)"
1751517503.513713,esc,"([0, 1, 1, 1], [16348, 24390, 12431, 2410], [610741, 610736, 610738, 610739], [0, 0, 0, 0])"
1751517503.5334203,status,"(0, 0, 0, 0, 0, 0, 0, 0, 0, 0, 0)"
1751517503.5533695,attitude,"(-54.58, 1.16, 2.35)"
1751517503.573841,position,"(0.00181, -0.02628, 0.0)"
1751517503.5942104,imu,"(0.00258, 0.01215, -1.01743, 0.015, -0.00768, 0.7211)"
1751517503.6143122,esc,"([0, 1, 1, 1], [16348, 24390, 12431, 2410], [610741, 610736, 610738, 610739], [0, 0, 0, 0])"
1751517503.6338487,status,"(0, 0, 0, 0, 0, 0, 0, 0, 0, 0, 0)"
1751517503.7142763,imu,"(-0.01494, 0.03638, -1.03237, -0.00783, 0.01193, 0.72425)"
1751517503.7341897,esc,"([0, 1, 1, 1], [16348, 24390, 12431, 2410], [610741, 610736, 610738, 610739], [0, 0, 0, 0])"
1751517503.7545779,status,"(0, 0, 0, 0, 0, 0, 0, 0, 0, 0, 0)"
1751517503.7741952,attitude,"(-44.91, 0.63, 2.47)"
1751517503.7940068,position,"(0.00252, -0.02838, 0.0)"
1751517503.8142128,imu,"(0.00177, 0.02707, -1.01311, 0.0116, 0.00885, 0.80911)"
1751517503.8336356,esc,"([0, 1, 1, 1], [16348, 24390, 12431, 2410], [610741, 610736, 610738, 610739], [0, 0, 0, 0])"
1751517503.8545697,status,"(0, 0, 0, 0, 0, 0, 0, 0, 0, 0, 0)"
1751517503.914398,imu,"(0.015, -0.02688, -1.0063, -0.01922, 0.00818, 0.85014)"
1751517503.9338937,esc,"([0, 1, 1, 1], [16348, 24390, 12431, 2410], [610741, 610736, 610738, 610739], [0, 0, 0, 0])"
1751517503.954136,status,"(0, 0, 0, 0, 0, 0, 0, 0, 0, 0, 0)"
1751517503.9739275,attitude,"(-35.91, 0.16, 2.53)"
1751517503.9965863,position,"(0.00271, -0.02724, 0.0)"
1751517504.0144112,imu,"(0.0137, -0.00175, -1.01629, -0.00259, 0.00997, 0.72554)"
1751517504.0344055,esc,"([0, 1, 1, 1], [16348, 24390, 12431, 2410], [610741, 610736, 610738, 610739], [0, 0, 0, 0])"
1751517504.0539992,status,"(0, 0, 0, 0, 0, 0, 0, 0, 0, 0, 0)"
1751517504.1148756,imu,"(0.00772, 0.01191, -1.01168, 8e-05, 0.00393, 0.78899)"
1751517504.1342118,esc,"([0, 1, 1, 1], [16348, 24390, 12431, 2410], [610741, 610736, 610738, 610739], [0, 0, 0, 0])"
1751517504.1535904,status,"(0, 0, 0, 0, 0, 0, 0, 0, 0, 0, 0)"
1751517504.1731386,attitude,"(-27.18, -0.29, 2.47)"
1751517504.1931713,position,"(0.00415, -0.02833, 0.0)"
1751517504.2131777,imu,"(-0.01962, -0.00311, -1.03487, 0.01028, 0.00286, 0.83512)"
1751517504.2337568,esc,"([0, 1, 1, 1], [16348, 24390, 12431, 2410], [610741, 610736, 610738, 610739], [0, 0, 0, 0])"
1751517504.2540624,status,"(0, 0, 0, 0, 0, 0, 0, 0, 0, 0, 0)"
1751517504.313625,imu,"(0.00078, 0.0055, -1.02119, 0.00706, 0.00454, 0.7663)"
1751517504.3340406,esc,"([0, 1, 1, 1], [16348, 24390, 12431, 2410], [610741, 610736, 610738, 610739], [0, 0, 0, 0])"
1751517504.3541894,status,"(0, 0, 0, 0, 0, 0, 0, 0, 0, 0, 0)"
1751517504.3732812,attitude,"(-18.21, -0.74, 2.38)"
1751517504.3937733,position,"(0.00326, -0.0274, 0.0)"
1751517504.4137769,imu,"(0.00687, 0.00684, -1.01679, 0.0054, -0.02118, 0.79941)"
1751517504.4333887,esc,"([0, 1, 1, 1], [16348, 24390, 12431, 2410], [610741, 610736, 610738, 610739], [0, 0, 0, 0])"
1751517504.4549413,status,"(0, 0, 0, 0, 0, 0, 0, 0, 0, 0, 0)"
1751517504.5134606,imu,"(-0.00449, -0.03388, -1.02097, -0.00328, 0.02227, 0.81733)"
1751517504.5340707,esc,"([0, 1, 1, 1], [16348, 24390, 12431, 2410], [610741, 610736, 610738, 610739], [0, 0, 0, 0])"
1751517504.5536032,status,"(0, 0, 0, 0, 0, 0, 0, 0, 0, 0, 0)"
1751517504.5738227,attitude,"(-9.37, -1.19, 2.2)"
1751517504.5966904,position,"(0.00497, -0.02737, 0.0)"
1751517504.6136808,imu,"(-0.01071, -0.01938, -1.00997, -0.00651, 0.01326, 0.82223)"
1751517504.6328084,esc,"([0, 1, 1, 1], [16348, 24390, 12431, 2410], [610741, 610736, 610738, 610739], [0, 0, 0, 0])"
1751517504.654238,status,"(0, 0, 0, 0, 0, 0, 0, 0, 0, 0, 0)"
1751517504.714689,imu,"(0.01352, 0.04903, -1.01433, 0.01476, -0.00153, 0.56574)"
1751517504.7340782,esc,"([0, 1, 1, 1], [16348, 24390, 12431, 2410], [610741, 610736, 610738, 610739], [0, 0, 0, 0])"
1751517504.7546632,status,"(0, 0, 0, 0, 0, 0, 0, 0, 0, 0, 0)"
1751517504.773952,attitude,"(-2.26, -1.54, 2.02)"
1751517504.7939825,position,"(0.00444, -0.02742, 0.0)"
1751517504.8141503,imu,"(0.01089, 0.06448, -1.01397, 0.00355, 0.01106, -0.04857)"
1751517504.8339486,esc,"([0, 1, 1, 1], [16348, 24390, 12431, 2410], [610741, 610736, 610738, 610739], [0, 0, 0, 0])"
1751517504.853398,status,"(0, 0, 0, 0, 0, 0, 0, 0, 0, 0, 0)"
1751517504.9140036,imu,"(-0.00679, 0.00749, -1.01737, 0.00202, 0.00746, 0.0114)"
1751517504.9340038,esc,"([0, 1, 1, 1], [16348, 24390, 12431, 2410], [610741, 610736, 610738, 610739], [0, 0, 0, 0])"
1751517504.9539983,status,"(0, 0, 0, 0, 0, 0, 0, 0, 0, 0, 0)"
1751517504.973501,attitude,"(-2.35, -1.53, 2.02)"
1751517505.0140648,position,"(0.00238, -0.02681, 0.0)"
1751517505.0338886,imu,"(-0.00556, 0.0033, -1.01723, -0.00161, 0.00808, 0.00487)"
1751517505.0538843,esc,"([0, 1, 1, 1], [16348, 24390, 12431, 2410], [610741, 610736, 610738, 610739], [0, 0, 0, 0])"
1751517505.0738926,status,"(0, 0, 0, 0, 0, 0, 0, 0, 0, 0, 0)"
1751517505.133532,imu,"(-0.00139, 0.00187, -1.01598, 0.0012, 0.00724, 0.01068)"
1751517505.153627,esc,"([0, 1, 1, 1], [16348, 24390, 12431, 2410], [610741, 610736, 610738, 610739], [0, 0, 0, 0])"
1751517505.2142596,position,"(0.00062, -0.02755, 0.0)"
